지역,상호,주소,상표,전화번호,셀프여부,고급휘발유,휘발유,경유,실내등유
경기도,(주)광역주유소 대곶,경기 김포시 대곶면 대곶남로 533,GS칼텍스,031-997-1800,Y,1759,1514,1595,1430
경기도,(주)구산에너지 탄벌주유소,경기 광주시 회안대로 712,현대오일뱅크,031-769-5145,Y,1957,1565,1589,-
경기도,(주)나라에너지,경기 김포시 대곶면 대곶서로 151,현대오일뱅크,031-996-0017,N,-,1547,1597,-
경기도,(주)남경석유 분당스타self주유소,경기 성남시 분당구 새마을로 65,S-OIL,031-704-8738,Y,1898,1599,1699,1830
경기도,(주)내유셀프주유소,경기 고양시 덕양구 통일로 1228,현대오일뱅크,031-963-2463,Y,-,1514,1564,-
경기도,(주)대기주유소,경기 광주시 초월읍 경충대로 898,GS칼텍스,031-762-4543,Y,1795,1585,1668,1590
경기도,(주)대미주유소,경기 군포시 군포로 10,S-OIL,031-502-0833,Y,-,1578,1665,-
경기도,(주)대지석유 갈마주유소,경기 광주시 경충대로 2187 (삼동),S-OIL,031-761-2859,Y,-,1538,1575,1600
경기도,(주)대화에너지,경기 고양시 일산서구 탄중로 251 (탄현동),SK에너지,031-925-9120,Y,1720,1530,1579,-
경기도,(주)덕성에너지,경기 광주시 도척면 도척로 313,S-OIL,031-763-6544,Y,-,1565,1605,-
경기도,(주)동일석유 신동일산주유소,경기 고양시 일산동구 성현로 469 (사리현동),SK에너지,031-962-5151,N,-,1569,1609,1540
경기도,(주)두바이 곤지암리조트,경기 광주시 도척면 도척윗로 263,GS칼텍스,031-767-7751,Y,-,1595,1655,1550
경기도,(주)디오티디 고양용가리주유소,경기 고양시 일산동구 백마로 590,현대오일뱅크,070-4193-5151,Y,1715,1535,1565,-
경기도,(주)디오티디 김포햇님이주유소,경기 김포시 대곶면 대명항로 530,현대오일뱅크,031-989-5186,Y,-,1525,1564,1385
경기도,(주)명주로데오주유소,경기 고양시 일산서구 덕이로 78-3,현대오일뱅크,031-912-4097,Y,-,1524,1587,1450
경기도,(주)무진에너지 서김포IC주유소,경기 김포시 양촌면 김포대로 1634,GS칼텍스,031-982-5151,Y,-,1505,1599,-
경기도,(주)블루웰오일 동산주유소,경기 고양시 덕양구 고양대로 1926,SK에너지,02-358-5188,Y,-,1527,1587,-
경기도,(주)삼표에너지 갈매신내주유소,경기 구리시 경춘북로 75 (갈매동),GS칼텍스,031-528-7112,Y,1789,1579,1649,1600
경기도,(주)삼표에너지 동해주유소,경기도 고양시 덕양구  중앙로 110 (화전동),GS칼텍스,02-3159-9774,Y,-,1495,1565,1517
경기도,(주)삼표에너지 야탑주유소,경기 성남시 분당구 돌마로 910,GS칼텍스,031-706-5145,Y,-,1575,1635,-
경기도,(주)새서울석유 신도시주유소,경기 성남시 분당구 황새울로359번길 3,현대오일뱅크,031-706-5151,N,1998,1598,1695,-
경기도,(주)서울주유소,경기 가평군 청평면 경춘로 1191,SK에너지,031-584-5060,N,-,1639,1699,-
경기도,(주)설악주유소,경기 가평군 설악면 유명로 1711,현대오일뱅크,031-584-4300,N,-,1670,1770,1500
경기도,(주)세일 통일로일품주유소,경기 고양시 덕양구 통일로 862 (관산동),S-OIL,031-962-8055,Y,-,1555,1565,1450
경기도,(주)신세계주유소,경기도 고양시 일산동구  호수로 453 (백석동),S-OIL,031-905-0210,Y,-,1574,1624,-
경기도,(주)썬라이즈오일 해뜨는광주,경기 광주시 순암로 215 (중대동),SK에너지,031-798-1126,Y,1994,1575,1695,1600
경기도,(주)씨에이에너지 상대원제2주유소,경기 광주시 오포읍 회안대로 15,현대오일뱅크,031-766-5149,Y,-,1645,1785,1700
경기도,(주)어울림주유소,경기 고양시 덕양구 충장로 407,알뜰주유소,031-967-5145,Y,-,1495,1565,-
경기도,(주)엘프앤코 통일로주유소지점,경기 고양시 덕양구 통일로 1020 (관산동),현대오일뱅크,031-964-1020,Y,-,1515,1564,-
경기도,(주)오일릭주유소,경기 가평군 가평읍 경춘로 1741,S-OIL,031-581-2280,N,-,1584,1639,-
경기도,(주)오일유업직영GS경춘주유소,경기 가평군 가평읍 경춘로 1776,GS칼텍스,031-581-4545,N,-,1577,1639,1500
경기도,(주)오일플라자,경기 광주시 오포읍 양벌로 84,S-OIL,031-762-1263,Y,-,1575,1645,1550
경기도,(주)원일유통 능곡주유소,경기 고양시 덕양구 토당로 104 (토당동),SK에너지,031-972-7311,Y,-,1556,1635,-
경기도,(주)원흥 고양동지점,경기 고양시 덕양구 호국로 1789,현대오일뱅크,031-965-5189,Y,1695,1495,1565,-
경기도,(주)원흥 원흥동지점,경기 고양시 덕양구 서오릉로 712 (원흥동),현대오일뱅크,031-963-5189,Y,-,1495,1565,1450
경기도,(주)원흥 풍동지점,경기 고양시 일산동구 무궁화로 299 (풍동),현대오일뱅크,031-908-5189,Y,1695,1495,1565,-
경기도,(주)원흥.벽제동지점,경기 고양시 덕양구 호국로 1664,현대오일뱅크,031-909-5189,Y,-,1495,1565,-
경기도,(주)위굴리 구도일주유소 톨게이트,경기 성남시 분당구 대왕판교로 263,S-OIL,031-786-1070,N,1798,1648,1698,-
경기도,(주)윈통상 하성제일셀프주요소,경기 김포시 하성면 월하로 782,현대오일뱅크,031-996-4100,Y,-,1528,1588,1400
경기도,(주)유성 화정점,경기 고양시 덕양구 호국로 624 (화정동),현대오일뱅크,031-964-0014,Y,-,1525,1575,-
경기도,(주)유카스 에너지 올림픽점,경기 김포시 고촌읍 벌말로 768-70,SK에너지,031-985-5185,Y,-,1525,1585,1500
경기도,(주)유카스에너지 김포뉴타운,경기 김포시 양촌읍 김포대로 1581,SK에너지,070-4911-8978,Y,-,1495,1589,-
경기도,(주)인에너지,경기 김포시 대곶면 대곶북로 525,S-OIL,031-982-8111,Y,-,1516,1595,1490
경기도,(주)주연덕이 셀프주유소,경기 고양시 일산서구 덕이로292번길 13(덕이동),현대오일뱅크,031-918-5102,Y,-,1546,1597,-
경기도,(주)지에스이앤알 직영 하안단지주유소,경기 광명시 오리로 608 (소하동),GS칼텍스,02-899-5202,Y,1734,1524,1614,-
경기도,(주)진성에너지 무궁화셀프주유소,경기 고양시 일산동구 무궁화로 304 (풍동),현대오일뱅크,031-906-3265,Y,-,1535,1565,-
경기도,(주)청명주유소,경기 김포시 하성면 하성로 247,GS칼텍스,031-985-0325,Y,-,1515,1575,1445
경기도,(주)케이에이치에너지 세준주유소,경기 광주시 곤지암읍 경충대로 522,S-OIL,031-797-5151,Y,-,1578,1668,1550
경기도,(주)태리주유소,경기 김포시 고촌읍 장곡로3번길 20,GS칼텍스,031-986-0150,N,-,1577,1667,1590
경기도,(주)태평석유직영 에덴주유소,경기 김포시 대곶면 대곶북로 31,SK에너지,031-984-8951,Y,-,1525,1585,1550
경기도,(주)한미석유 덕이동주유소,경기 고양시 일산서구 덕이로 174 (덕이동),GS칼텍스,031-912-7618,N,-,1525,1595,-
경기도,(주)한유에너지 금정주유소,경기 군포시 군포로 617 (금정동),SK에너지,031-454-5151,N,-,1669,1799,1560
경기도,(주)한진 김포스마일주유소,경기 김포시 통진읍 김포대로 2429,S-OIL,031-986-5145,N,-,1525,1608,-
경기도,(주)행운주유소,경기 광명시 부광로 309 (옥길동),SK에너지,02-2619-0700,Y,-,1566,1648,1600
경기도,(주)헨지스에너지직영 세이버주유소,경기 고양시 덕양구 화랑로 124 (화전동),현대오일뱅크,02-3158-0014,N,-,1515,1585,1500
경기도,(주)휴세코 희망주유소/충전소,경기 고양시 일산서구 경의로 910,현대오일뱅크,031-925-5133,Y,-,1535,1585,1600
경기도,CJ대한통운(주)직영 경기고속주유소,경기 광주시 초월읍 경충대로 1021,GS칼텍스,031-765-5805,N,-,1585,1668,1600
경기도,GS칼텍스 상암주유소,경기 고양시 덕양구 자유로 38 (덕은동),GS칼텍스,02-3158-0030,N,-,1667,1767,1580
경기도,GS칼텍스 중부주유소,경기 광주시 곤지암읍 경충대로 487,GS칼텍스,031-769-9090,N,-,1688,1778,1550
경기도,IN-N-OUT주유소,경기 광명시 안양천로 463 (철산동),SK에너지,02-3666-5151,Y,-,1577,1647,-
경기도,KH에너지(주)직영 분당공원주유소,경기 성남시 분당구 새마을로 27 (서현동),SK에너지,031-704-5182,N,-,1678,1707,-
경기도,KTX주유소,경기 광명시 오리로 121(일직동),GS칼텍스,02-899-3020,N,1928,1658,1698,1598
경기도,NH하나로주유소,경기 성남시 분당구 성남대로43번길 11,NH-OIL,031-738-9207,Y,-,1512,1572,1550
경기도,S-OIL 구도일주유소,경기 고양시 덕양구 호국로 1693,S-OIL,031-963-5191,Y,-,1568,1648,1500
경기도,SJ오일(주) 일산주유소,경기 고양시 일산서구 고양대로 535 (대화동),GS칼텍스,031-918-5154,N,1797,1597,1688,-
경기도,SK KH에너지 가나주유소,경기 고양시 덕양구 호국로 1941 (벽제동),SK에너지,031-962-1541,Y,-,1535,1565,-
경기도,SK KH에너지 고촌주유소,경기 김포시 고촌읍 김포대로 336,SK에너지,031-986-9051,Y,-,1577,1667,-
경기도,SK KH에너지 기쁨주유소,경기 고양시 일산동구 고양대로 1064 (식사동),SK에너지,031-977-5156,Y,-,1535,1565,1490
경기도,SK KH에너지 애니골주유소,경기 고양시 일산동구 무궁화로 307 (풍동),SK에너지,031-901-5104,N,-,1535,1565,-
경기도,SK KH에너지 판교모드니주유소,경기 성남시 분당구 동판교로 42 (백현동),SK에너지,031-8017-5153,Y,1977,1647,1687,-
경기도,SK KH에너지 판교운중주유소,경기 성남시 분당구 동판교로 177 (삼평동),SK에너지,031-8017-5155,N,1987,1657,1697,-
경기도,SK부광주유소 원당점,경기 고양시 덕양구 원당로 433 (원당동),SK에너지,031-966-1270,N,-,1544,1634,-
경기도,SK섬마을주유소,경기 고양시 덕양구 호수로 237,SK에너지,031-970-5189,Y,-,1565,1635,-
경기도,SK에너지(주) 두바이주유소,경기 구리시 벌말로 61 (토평동),SK에너지,031-569-1080,N,1819,1625,1715,1480
경기도,SK에너지(주) 백마주유소,경기 고양시 일산동구 중앙로 990 (백석동),SK에너지,031-901-5151,Y,1789,1619,1769,-
경기도,SK에너지(주) 스타팅광동주유소,경기 성남시 분당구 대왕판교로644번길 43,SK에너지,031-8017-5188,N,1797,1657,1697,-
경기도,SK에너지(주) 청평주유소,경기 가평군 청평면 구청평로 89,SK에너지,031-584-0055,N,1939,1629,1739,1500
경기도,SK에너지(주)직영 SK퇴촌주유소,경기 광주시 퇴촌면 정영로 378,SK에너지,031-768-1313,N,1819,1585,1655,1495
경기도,SK에너지(주)직영 오일파워주유소,경기 고양시 일산동구 고양대로 834 (중산동),SK에너지,031-977-5126,Y,1735,1555,1699,-
경기도,SK우리주유소,경기 광주시 경충대로 1454 (쌍령동),SK에너지,031-763-5183,N,-,1649,1768,1640
경기도,SK화정주유소,경기 고양시 덕양구 호국로 430(토당동),SK에너지,031-978-0048,N,1855,1565,1635,1490
경기도,sk(주)산본주유소,경기 군포시 번영로 607 (금정동),SK에너지,031-459-2880,Y,-,1585,1675,-
경기도,sk에너지 준원주유소,경기 광주시 오포읍 오포로 257,SK에너지,031-768-8551,Y,-,1565,1625,1550
경기도,㈜광명제일주유소,경기 광명시  범안로 608 (학온동),SK에너지,02-2611-0491,Y,-,1565,1615,1590
경기도,㈜동호에너지 신월주유소,경기 광주시 초월읍 산수로 308,S-OIL,031-797-8555,N,-,1599,1688,1560
경기도,㈜삼표에너지 군포스타주유소,경기 군포시 고산로 688,GS칼텍스,031-393-5189,Y,1803,1583,1673,1500
경기도,㈜삼표에너지 산본그린주유소,경기 군포시 군포로 231,GS칼텍스,031-462-0202,Y,-,1574,1664,1590
경기도,㈜삼표에너지 삼송주유소,경기 고양시 덕양구 신원1로 93,GS칼텍스,02-381-8341,Y,-,1527,1597,-
경기도,㈜소모에너지 동화주유소,경기 성남시 분당구 돌마로 176 (정자동),GS칼텍스,031-713-3433,N,1792,1542,1598,-
경기도,㈜소모에너지 백궁주유소,경기 성남시 분당구 성남대로407번길 13,GS칼텍스,031-715-0755,N,1775,1542,1598,-
경기도,㈜에스엠에너지,경기 고양시 덕양구 호국로 992,GS칼텍스,031-973-5189,Y,1825,1525,1585,1470
경기도,㈜융창에너지 금정주유소,경기 군포시 공단로 278-29,SK에너지,031-427-3800,N,-,1587,1637,1490
경기도,㈜중흥에너지 한양주유소,경기 고양시 덕양구 권율대로 593 (원흥동),S-OIL,031-903-2222,Y,-,1526,1596,-
경기도,㈜지에스이앤알 인창주유소,경기 구리시 동구릉로 78,GS칼텍스,031-553-5644,N,-,1563,1673,-
경기도,㈜케이엘페트로 고양셀프주유소,경기 고양시 덕양구 충장로 210,현대오일뱅크,031-938-5186,Y,1755,1514,1594,-
경기도,가좌에너지(주),경기 고양시 일산서구 송산로 406 (가좌동),현대오일뱅크,031-923-8222,Y,-,1565,1635,1500
경기도,가평Self주유소,경기 가평군 가평읍 경춘로 2065,현대오일뱅크,031-581-8770,Y,-,1565,1639,-
경기도,가평군농협하나로주유소,경기 가평군 가평읍 경춘로 1785,NH-OIL,031-581-2871,N,-,1609,1659,1500
경기도,가평대박주유소,경기 가평군 청평면 경춘로 1175,S-OIL,031-584-5155,N,-,1639,1638,1500
경기도,가평설악주유소,경기 가평군 설악면 신천중앙로 30,SK에너지,031-585-5140,N,-,1698,1797,1500
경기도,가평주유소,경기 가평군 가평읍 가화로 41-16,S-OIL,031-582-3114,N,-,1690,1780,1500
경기도,가평주유소(서울방향),경기 가평군 설악면 미사리로 544,SK에너지,031-584-5159,N,-,1583,1663,-
경기도,가평주유소(춘천방향),경기 가평군 설악면 미사리로540번길 51,SK에너지,031-584-5149,N,-,1583,1663,-
경기도,갈마full-pay주유소,경기 광주시 경충대로 2237,SK에너지,031-798-7171,Y,-,1535,1575,-
경기도,갑종주유소,경기 광명시 오리로 460,GS칼텍스,02-899-0054,Y,-,1584,1674,1560
경기도,개나리주유소,경기 고양시 덕양구 보광로 126 (벽제동),알뜰주유소,031-962-5545,Y,-,1534,1565,-
경기도,거북이주유소,경기 광주시 경충대로 2110 (중대동),GS칼텍스,031-797-8981,Y,-,1535,1575,-
경기도,걸포주유소,경기 김포시 금포로 1117-6 (걸포동),알뜰주유소,031-983-0301,Y,-,1530,1598,1395
경기도,경기광주(서울방향)주유소/충전소,경기 광주시 곤지암읍 만삼로 211,SK에너지,031-8027-3948,N,-,1574,1648,-
경기도,경기광주(원주방향)주유소/충전소,경기 광주시 곤지암읍 만삼로 270,SK에너지,031-8027-3943,N,-,1574,1648,-
경기도,경기동부주유소,경기 광주시 곤지암읍 경충대로 246,현대오일뱅크,031-763-5178,N,-,1597,1697,1650
경기도,경기주유소,경기 김포시 하성면 하성로 264,SK에너지,031-981-0114,N,-,1599,1695,1500
경기도,경동석유산업(주)고속철주유소,경기 광명시 광명로 207 (가학동),현대오일뱅크,02-2617-9767,N,-,1545,1595,-
경기도,경마장주유소,경기 과천시 중앙로 417 (과천동),SK에너지,02-507-5100,Y,-,1648,1748,1600
경기도,경원주유소,경기 광주시 도척면 마도로 66,SK에너지,031-761-0551,Y,-,1545,1605,1500
경기도,경원주유소,경기 광명시 광명로 136 (가학동),GS칼텍스,02-2060-5177,N,-,1545,1595,1450
경기도,경일석유(주) 신우주유소,경기도 고양시 일산동구  고양대로 952 (식사동),GS칼텍스,031-969-2745,Y,1715,1535,1575,1650
경기도,경일석유(주)신신주유소,경기 고양시 일산동구 백마로 32,GS칼텍스,031-903-5633,Y,-,1525,1594,-
경기도,경일주유소,경기 광주시 곤지암읍 광여로 525,SK에너지,031-769-5181,Y,-,1598,1698,1500
경기도,고동산주유소,경기 가평군 청평면 북한강로 1659,S-OIL,031-584-0578,N,-,1650,1760,1650
경기도,고봉산주유소,경기 고양시 일산동구 고봉로 464 (성석동),SK에너지,031-977-5189,Y,-,1495,1565,-
경기도,고양(문산방향)휴게소주유소,경기 고양시 덕양구 수원문산고속도로 52,GS칼텍스,031-979-5837,Y,-,1549,1619,-
경기도,고양(서울방향)주유소/충전소,경기 고양시 덕양구 수원문산고속도로 51 (성사동),GS칼텍스,031-969-9480,Y,-,1579,1649,-
경기도,고양주유소,경기 고양시 덕양구 호국로 730 (성사동),S-OIL,031-962-5534,Y,-,1525,1575,-
경기도,고일주유소,경기 고양시 일산동구 백마로 455 (풍동),SK에너지,031-902-6096,N,1797,1597,1667,-
경기도,곤지암Self주유소,경기 광주시 곤지암읍 광여로 100,S-OIL,031-768-7770,Y,-,1575,1655,1500
경기도,곤지암스타주유소,경기 광주시 곤지암읍 경충대로 698,GS칼텍스,031-764-0202,Y,-,1585,1668,1550
경기도,곤지암주유소,경기 광주시 곤지암읍 경충대로 426,자가상표,031-766-8339,Y,-,1549,1584,-
경기도,골드밸리주유소,경기 김포시 양촌읍 양곡우회로 141,GS칼텍스,031-981-5920,Y,-,1535,1595,-
경기도,골드스타주유소,경기 김포시 통진읍 월하로 524,GS칼텍스,031-996-5145,Y,-,1545,1596,1400
경기도,광명 나들목주유소,경기 광명시 광명로 417,SK에너지,02-2684-0218,Y,-,1565,1615,-
경기도,광생주유소,경기 광명시 광명로 856 (광명동),S-OIL,02-2689-5512,N,-,1528,1588,-
경기도,광일알뜰주유소,경기 광명시 광명로 712 (광명동),알뜰주유소,02-2617-5151,Y,-,1595,1615,-
경기도,광주농협주유소,경기 광주시 중앙로145번길 6 (경안동),NH-OIL,031-765-5151,Y,-,1545,1595,1500
경기도,광주제2주유소,경기 광주시 경충대로 2130,현대오일뱅크,031-761-0172,N,-,1535,1575,-
경기도,교문주유소,경기 구리시 아차산로 436 (교문동),S-OIL,031-566-3477,Y,-,1563,1673,-
경기도,구도일주유소 김포,경기 김포시 김포한강4로 393 (마산동),S-OIL,031-986-5166,Y,-,1531,1613,-
경기도,구도일주유소 송포,경기 고양시 일산서구 송산로 494 (덕이동),S-OIL,031-916-5189,N,-,1549,1621,1500
경기도,구도일주유소 한강신도시,경기 김포시 김포한강1로 312 (운양동),S-OIL,031-987-8251,Y,-,1533,1598,-
경기도,구름산주유소,경기 광명시 오리로 524 (소하동),SK에너지,02-894-6565,N,-,1639,1769,1750
경기도,구산주유소,경기 고양시 일산서구 구산로 120,SK에너지,031-921-5198,N,-,1568,1649,-
경기도,국토셀프주유소,경기 가평군 조종면 비득재길 120,SK에너지,031-585-6786,Y,-,1619,1619,1500
경기도,굿모닝주유소,경기 김포시 대곶면 율생로 49,GS칼텍스,031-981-5112,N,-,1566,1638,1450
경기도,궁내동주유소,경기 성남시 분당구 대왕판교로 270,현대오일뱅크,031-716-1622,Y,1798,1618,1678,-
경기도,그린랜드주유소,경기 광주시 퇴촌면 정영로 798,GS칼텍스,031-768-3371,Y,-,1565,1645,1550
경기도,기름나라주유소,경기 광주시 회안대로 608 (장지동),SK에너지,031-765-6051,Y,-,1568,1598,-
경기도,김포감정주유소,경기 김포시 김포대로 1135,알뜰주유소,031-986-5199,Y,-,1532,1593,-
경기도,김포농협주유소,경기 김포시 북변로 36,S-OIL,031-984-8251,N,-,1574,1594,1450
경기도,김포대성 주유소,경기 김포시 중봉로 37 (감정동),GS칼텍스,031-988-5515,Y,-,1528,1598,1500
경기도,김포대주유소,경기 김포시 월곶면 김포대로 2937,S-OIL,031-984-5177,Y,-,1558,1648,-
경기도,김포무궁화주유소,경기 김포시 통진읍 김포대로 1999,S-OIL,031-997-5144,N,-,1724,1889,-
경기도,김포신도시주유소,경기 김포시 양촌읍 봉수대로 1731,S-OIL,031-989-5574,Y,-,1547,1627,1600
경기도,김포주유소,경기 김포시 대곶면 대곶북로 210,현대오일뱅크,031-989-5133,N,-,1567,1658,1689
경기도,김포하이웨이주유소,경기 김포시 김포대로 1518 (운양동),S-OIL,031-982-4441,Y,1787,1577,1617,-
경기도,꽃마을주유소,경기도 고양시 덕양구  고양대로 1242 (주교동),GS칼텍스,031-963-2844,N,-,1599,1699,-
경기도,남선석유(주)성현셀프주유소,경기 고양시 일산동구 성현로 78 (성석동),S-OIL,031-977-5182,Y,-,1515,1565,1520
경기도,남이섬주유소,경기 가평군 청평면 경춘로 1484,자가상표,031-584-5127,Y,-,1559,1619,-
경기도,남일주유소,경기 구리시 경춘로 30 (교문동),GS칼텍스,031-563-2105,N,-,1798,1898,1698
경기도,남촌주유소,경기 광주시 초월읍 경충대로 1329,GS칼텍스,031-766-4777,Y,-,1575,1635,-
경기도,너멍골알뜰주유소,경기 고양시 덕양구 호국로 1259,알뜰주유소,02-371-2264,Y,-,1495,1565,1450
경기도,농협하나로유통,경기 고양시 일산서구  대화로 362 (대화동),NH-OIL,031-910-9111,Y,-,1565,1635,1500
경기도,뉴광주농협주유소,경기 광주시 파발로 97,NH-OIL,031-763-9800,Y,-,1545,1595,1500
경기도,달맞이주유소,경기 김포시 월곶면 김포대로 2658,GS칼텍스,000-000-0000,N,-,1557,1599,-
경기도,대곶주유소,경기 김포시 대곶면 율생로 20,S-OIL,031-987-4346,Y,-,1566,1646,1450
경기도,대광주유소,경기 광주시 오포읍 오포로 660,SK에너지,031-766-4992,N,-,1598,1675,1550
경기도,대능주유소,경기 김포시 대곶면 대곶남로 560,SK에너지,031-998-5149,Y,-,1534,1625,1430
경기도,대명주유소,경기 김포시 대곶면 대명항로 501,S-OIL,031-998-0152,N,-,1567,1617,1550
경기도,대명탑주유소,경기 김포시 대곶면 대곶로 14,GS칼텍스,031-984-5144,Y,-,1528,1585,1385
경기도,대보건설(주) 구리(일산방향)주유소,경기 구리시 수도권제1순환고속도로 32,알뜰(ex),031-528-3002,Y,-,1504,1598,-
경기도,대보건설(주) 구리(판교방향)주유소,경기 구리시 수도권제1순환고속도로 27,알뜰(ex),031-555-0740,Y,-,1504,1598,-
경기도,대보주유소,경기도 광주시 도척면 도척로 200,현대오일뱅크,031-798-2521,N,-,1575,1659,1500
경기도,대복주유소,경기 광명시 광명로 344 (노온사동),S-OIL,02-2611-5240,N,-,1569,1595,1500
경기도,대성1주유소,경기 김포시 대곶면 대곶북로 429,GS칼텍스,031-986-5153,Y,-,1548,1598,1500
경기도,대성산업(주)과천주유소,경기 과천시 중앙로 144 (별양동),GS칼텍스,02-503-1941,N,-,1690,1720,1600
경기도,대성석유(주)김포한강신도시주유소,경기 김포시 김포한강3로 400 (마산동),GS칼텍스,031-998-5189,Y,1796,1525,1618,-
경기도,대성석유(주)스타주유소,경기 고양시 덕양구 은빛로 59,GS칼텍스,031-968-7421,Y,-,1495,1595,1500
경기도,대성석유(주)통진대성주유소,경기 김포시 통진읍 하성로 58,GS칼텍스,031-996-7411,N,-,1535,1598,1500
경기도,대성주유소,경기 가평군 하면 청군로 1184,SK에너지,031-585-0758,N,-,1620,1760,1500
경기도,대신석유(주)당리주유소,경기 군포시 용호1로1번길 16 (당동),SK에너지,031-393-9604,N,-,1649,1797,-
경기도,대신석유(주)대자주유소,경기도 고양시 덕양구  통일로 499,SK에너지,031-969-5186,Y,-,1537,1577,-
경기도,대야주유소,경기 군포시 군포로 137 (대야미동),GS칼텍스,031-437-0633,Y,-,1574,1664,-
경기도,대원셀프주유소,경기 광주시 오포읍 포은대로 38,GS칼텍스,031-767-5907,Y,-,1565,1645,1550
경기도,대한에너지,경기 광주시 퇴촌면 천진암로 412,SK에너지,031-765-5545,Y,-,1585,1655,1550
경기도,대화주유소,경기 고양시 일산서구 대화로37번길 58,현대오일뱅크,031-911-0048,Y,-,1525,1598,1450
경기도,덕안주유소,경기 광명시 오리로 270 (소하동),SK에너지,02-898-2365,N,-,1638,1738,1600
경기도,덕양제1주유소,경기 고양시 덕양구 서오릉로 832 (성사동),SK에너지,031-966-5194,Y,1729,1495,1565,-
경기도,덕양제2주유소,경기 고양시 일산서구 경의로 940,SK에너지,031-924-5192,Y,1735,1535,1585,-
경기도,덕양제3주유소,경기 고양시 덕양구 동헌로 187 (대자동),SK에너지,031-969-5189,Y,-,1577,1647,1450
경기도,덕양제4주유소,경기 고양시 일산동구  고봉로 847 (설문동),SK에너지,031-975-5188,Y,-,1545,1565,-
경기도,덕양제5주유소,경기 고양시 일산서구 고양대로 120 (법곳동),SK에너지,031-921-0922,Y,1739,1525,1588,-
경기도,덕양제7주유소,경기 고양시 일산동구 무궁화로 250 (풍동),SK에너지,031-905-5194,Y,1739,1535,1565,1650
경기도,덕양주유소,경기 고양시 덕양구 충장로 142 (행신동),알뜰주유소,031-979-8426,Y,-,1514,1594,-
경기도,덕이셀프주유소,경기 고양시 일산서구 덕이로 94 (덕이동),S-OIL,031-925-1777,Y,-,1522,1585,-
경기도,덕현주유소,경기 가평군 상면 청군로 450,현대오일뱅크,031-584-5188,N,-,1655,1700,1600
경기도,도궁주유소,경기 광주시 도척면 도척윗로 116,GS칼텍스,031-762-8989,N,-,1598,1678,1580
경기도,도척농협주유소,경기 광주시 도척면 노곡로 6,GS칼텍스,031-761-7928,N,-,1565,1615,1500
경기도,돌고래주유소,경기 광주시 회안대로 739 (탄벌동),S-OIL,031-767-6633,Y,-,1565,1595,1500
경기도,동산주유소,경기 김포시 하성면 월하로 600,현대오일뱅크,031-989-2202,N,-,1545,1596,1400
경기도,동원2주유소,경기 고양시 덕양구 통일로 1180 (내유동),GS칼텍스,031-969-5148,Y,-,1514,1564,1450
경기도,동원주유소,경기 고양시 일산서구 고양대로 717 (일산동),SK에너지,031-976-5149,Y,-,1535,1590,-
경기도,동원주유소,경기 고양시 덕양구 고양대로 1900 (동산동),GS칼텍스,02-381-3030,N,-,1527,1597,-
경기도,동일석유 SK양주셀프주유소,경기 구리시 경춘로 196 (수택동),SK에너지,031-563-2019,Y,-,1563,1665,-
경기도,동일석유(주)김포대로주유소,경기도 김포시 통진읍 김포대로 1937,SK에너지,031-988-3017,Y,-,1567,1615,-
경기도,동일석유(주)산업self 주유소,경기 군포시 경수대로 457 (당정동),SK에너지,031-452-3590,Y,-,1575,1615,-
경기도,동진주유소,경기 김포시 월곶면 김포대로 3001,SK에너지,031-987-5185,N,-,1578,1628,1500
경기도,동창베스트(주) 동창주유소,경기 구리시 동구릉로 290 (인창동),SK에너지,031-555-4657,N,-,1565,1665,1590
경기도,동현주유소,경기 가평군 하면 청군로 1303,S-OIL,031-585-5189,N,-,1620,1760,1500
경기도,두월self주유소,경기 광주시 초월읍 산수로 378,SK에너지,031-769-5151,Y,1800,1599,1695,1560
경기도,디더블유에너지,경기 김포시 대곶면 대명항로 346,현대오일뱅크,031-981-2114,N,-,1537,1617,1390
경기도,마곡주유소,경기 김포시 하성면 하성로 383,SK에너지,031-989-2112,N,-,1528,1598,1400
경기도,명보주유소,경기 가평군 가평읍 석봉로 237,SK에너지,031-582-6611,Y,-,1595,1699,1500
경기도,명성주유소,경기 고양시 덕양구 호국로 1628 (벽제동),SK에너지,031-962-9352,Y,-,1535,1565,1495
경기도,명지산주유소,경기 가평군 북면 가화로 687,알뜰주유소,031-581-5188,Y,-,1560,1620,-
경기도,목장주유소,경기 고양시 덕양구 호국로 932,S-OIL,031-967-8805,Y,-,1517,1597,1500
경기도,무지개주유소,경기 김포시 통진읍 김포대로 2002,GS칼텍스,031-996-1844,Y,1797,1577,1637,-
경기도,무진에너지(주) 한강로셀프주유소,경기 김포시 양촌면 석모로 27,GS칼텍스,031-996-1647,Y,-,1526,1618,1490
경기도,문봉주유소,경기 고양시 일산동구 문봉길 66 (문봉동),현대오일뱅크,031-977-5122,N,-,1597,1697,1540
경기도,미광셀프주유소,경기 김포시 고촌읍 김포대로 55-12,SK에너지,031-989-5182,Y,-,1525,1585,-
경기도,미래주유소,경기 광주시 오포읍 태재로 272,현대오일뱅크,031-714-0051,Y,-,1565,1645,1600
경기도,밀목주유소,경기 광주시 회안대로 968 (송정동),GS칼텍스,031-765-1248,Y,-,1565,1595,-
경기도,백신주유소,경기 고양시 일산동구 장항로 79 (백석동),현대오일뱅크,031-938-7777,N,-,1558,1678,1490
경기도,백재주유소,경기 광명시 광명로 482,SK에너지,02-2685-6362,Y,-,1595,1615,-
경기도,벌말주유소,경기 광명시 광명로 38 (가학동),SK에너지,02-2689-0924,Y,-,1565,1595,1550
경기도,벚꽃길주유소,경기 가평군 청평면 경춘로 1454,SK에너지,031-581-3700,N,1940,1629,1759,1550
경기도,벽제self주유소,경기 고양시 덕양구 혜음로 181,SK에너지,031-963-6460,Y,-,1535,1565,1550
경기도,부자주유소,경기 김포시 대곶면 율마로 220,현대오일뱅크,031-988-8588,N,-,1525,1595,1450
경기도,북면주유소,경기 가평군 북면 가화로 996,S-OIL,031-582-5189,N,-,1620,1720,1500
경기도,북한산주유소,경기 고양시 덕양구 북한산로 539 (효자동),현대오일뱅크,02-384-4666,Y,-,1515,1585,1600
경기도,분당대일주유소,경기 성남시 분당구 양현로 312,GS칼텍스,031-706-6037,Y,1797,1647,1677,-
경기도,분당로마도시고속주유소,경기 성남시 분당구 수내로 2 (수내동),GS칼텍스,031-715-0445,N,2099,1787,1967,-
경기도,분당로주유소,경기 성남시 분당구 대왕판교로 381 (백현동),GS칼텍스,031-708-0443,Y,1795,1595,1675,-
경기도,분당탑주유소,경기 성남시 분당구 판교로 751 (야탑동),SK에너지,031-702-4983,N,-,1575,1635,-
경기도,블루에너지,경기 고양시 일산서구  덕이로 299 (덕이동),SK에너지,031-919-5182,Y,-,1547,1598,1600
경기도,비전에너지(주)코리아주유소,경기 고양시 일산동구 고봉로 788 (설문동),SK에너지,031-969-1900,Y,-,1535,1565,1540
경기도,사우디제 7 주유소,경기 고양시 일산동구 백마로 37 (장항동),SK에너지,031-902-1155,N,1885,1535,1665,-
경기도,산성주유소,경기 고양시 덕양구  행주로 59 (행주내동),현대오일뱅크,031-970-5151,Y,-,1565,1595,1520
경기도,삼미 동부셀프주유소,경기도 광주시 오포읍 태재로 75 (오포읍),SK에너지,031-726-5181,Y,-,1585,1645,1650
경기도,삼미상사(주) 유명셀프주유소,경기 김포시 월곶면 김포대로 2759 (월곶면),SK에너지,031-984-8880,Y,-,1514,1598,1450
경기도,삼미상사(주)금정역셀프주유소,경기 군포시 엘에스로 178 (산본동),SK에너지,031-456-5189,Y,-,1564,1604,1650
경기도,삼미상사(주)남부주유소,경기 군포시 고산로 259 (당동),SK에너지,031-398-6252,Y,-,1613,1699,-
경기도,삼미상사(주)일산제일주유소,경기 고양시 일산동구 고봉로 473 (성석동),SK에너지,031-975-5159,N,-,1535,1579,1500
경기도,삼미상사(주)청평그린셀프주유소,경기 가평군 청평면 경춘로 524,SK에너지,031-585-8388,Y,-,1574,1664,1700
경기도,삼미상사(주)초원셀프주유소,경기 김포시 대곶면 대곶북로 424,SK에너지,031-983-7151,Y,-,1494,1552,1550
경기도,삼밭골주유소,경기 가평군 설악면 유명로 2005,GS칼텍스,031-584-2476,Y,-,1660,1760,1500
경기도,삼보약암주유소,경기 김포시 대곶면 약암로 766,SK에너지,031-996-1244,N,-,1548,1618,1498
경기도,삼성주유소,"경기 광명시 범안로 925, (338-2) (하안동)",SK에너지,02-898-4454,Y,-,1557,1647,-
경기도,삼송뉴시티주유소,경기 고양시 덕양구 고양대로 1960 (동산동),S-OIL,02-359-5145,Y,-,1537,1597,-
경기도,삼송서진주유소,경기 고양시 덕양구 통일로 226 (삼송동),현대오일뱅크,02-381-5156,Y,-,1577,1657,-
경기도,삼원셀프주유소,경기 광주시 오포읍 포은대로 429,GS칼텍스,031-766-5992,Y,-,1585,1655,1550
경기도,삼원주유소,경기 고양시 덕양구 고양대로 1303 (주교동),현대오일뱅크,031-965-2062,N,-,1595,1675,-
경기도,삼일주유소,경기 고양시 일산동구 견달산로 252 (식사동),SK에너지,031-967-3144,N,-,1642,1745,1580
경기도,삼호주유소,경기 고양시 덕양구 흥도로 404 (성사동),현대오일뱅크,031-966-5599,N,-,1568,1658,1500
경기도,상면주유소,경기 가평군 상면 청군로 1070,SK에너지,031-585-2907,N,-,1620,1760,1500
경기도,상하이주유소,경기 광주시 오포읍 회안대로 80,SK에너지,031-766-0082,Y,-,1565,1595,-
경기도,서민주유소,경기 광주시 회안대로 993 (송정동),SK에너지,031-798-0391,Y,1894,1535,1575,-
경기도,서민행복주유소,경기 광주시 곤지암읍 경충대로 41,SK에너지,031-761-1775,Y,-,1555,1655,1575
경기도,서오능SELF주유소,경기 고양시 덕양구 권율대로 450-1,SK에너지,031-966-1632,Y,-,1597,1677,-
경기도,서울석유(주) 그린시티주유소,경기 김포시 양촌읍 양곡우회로 40,SK에너지,031-998-3006,Y,-,1535,1635,-
경기도,서울주유소,경기 김포시 양촌면 양곡로 357,GS칼텍스,031-998-5151,N,-,1567,1637,1690
경기도,서율주유소,경기 광명시 오리로 461 (소하동),현대오일뱅크,02-899-8804,Y,-,1534,1614,1499
경기도,서현주유소,경기 성남시 분당구 새마을로 19,GS칼텍스,031-701-7404,N,-,1678,1735,-
경기도,선광주유소,경기 광주시 경충대로 1962 (중대동),SK에너지,031-763-2000,Y,-,1554,1605,1600
경기도,설문IC셀프주유소,경기 고양시 일산동구 고봉로 799,현대오일뱅크,031-975-5189,Y,-,1535,1565,-
경기도,성동주유소,경기 광주시 이배재로 506 (목현동),GS칼텍스,031-768-5143,N,-,1565,1595,1500
경기도,성석셀프주유소,경기 고양시 일산동구 성현로 58 (성석동),현대오일뱅크,031-977-2305,Y,-,1525,1564,1520
경기도,성신레미컨(주)주유소,경기 구리시 동구릉로 260 (인창동),현대오일뱅크,031-556-4127,N,-,1600,1685,1600
경기도,성안주유소,경기 광주시 회안대로 1021 (송정동),현대오일뱅크,031-764-1448,Y,-,1565,1595,-
경기도,성용주유소,경기 광명시 가학로 152 (가학동),SK에너지,02-2683-2820,N,-,1569,1689,1550
경기도,송산주유소,경기 고양시 일산서구 송산로 176,GS칼텍스,031-923-3393,Y,-,1545,1625,1540
경기도,송정주유소,경기 가평군 가평읍 가화로 359,S-OIL,031-581-0001,N,-,1650,1750,1500
경기도,수남주유소,경기 김포시 대곶면 대곶남로 420,현대오일뱅크,031-987-5595,N,-,1565,1645,1430
경기도,수지Self주유소,경기 김포시 김포대로 1115 (걸포동),SK에너지,031-8049-3553,Y,-,1532,1603,-
경기도,수펙스주유소,경기 성남시 분당구 성남대로 71 (구미동),SK에너지,031-717-1141,N,1817,1717,1837,-
경기도,수현주유소,경기 김포시 월곶면 김포대로 2553,GS칼텍스,031-987-5656,N,-,1514,1598,1450
경기도,쉼터주유소,경기 가평군 상면 청군로 824,GS칼텍스,031-585-9003,Y,-,1597,1617,1440
경기도,스카이주유소,경기 가평군 설악면 유명로 1335,S-OIL,031-584-8339,Y,-,1638,1738,1500
경기도,식사주유소,경기 고양시 일산동구 고양대로 1137 (식사동),S-OIL,031-966-3166,Y,-,1547,1627,-
경기도,신곡주유소,경기 김포시 고촌읍 금포로 323,현대오일뱅크,031-986-5182,Y,-,1523,1592,1550
경기도,신김포농협대곶지점셀프주유소,경기 김포시 대곶면 율생로 99,NH-OIL,031-987-7753,Y,-,1535,1635,1400
경기도,신김포농협주유소,경기 김포시 통진읍 서암로 121,S-OIL,031-987-0317,N,-,1568,1635,1400
경기도,신김포농협주유소(하성지점),경기 김포시 하성면 하성로 495,S-OIL,031-988-5159,N,-,1568,1635,1400
경기도,신덕이로주유소,경기 고양시 일산서구 덕이로 36 (덕이동),SK에너지,031-918-5189,Y,1695,1524,1585,-
경기도,신우에너지(주),경기 고양시 일산동구 고봉로 470 (성석동),SK에너지,031-964-1984,Y,-,1535,1565,-
경기도,신우주유소,경기 고양시 일산동구 성현로 177,S-OIL,031-975-5193,Y,-,1534,1574,1500
경기도,신일주유소,경기 김포시 통진읍 김포대로 2036,SK에너지,031-987-5151,N,-,1577,1637,1430
경기도,신창주유소,경기 광주시 고불로 164,GS칼텍스,031-767-5197,N,-,1638,1726,1650
경기도,신청평주유소,경기 가평군 청평면 경춘로 508,S-OIL,031-584-5400,Y,-,1589,1658,1350
경기도,신한주유소,경기 김포시 대곶면 대곶남로 165,SK에너지,031-983-8080,N,-,1547,1617,1450
경기도,신화상사(주)구도일주유소신화일산,경기 고양시 일산동구 백마로 36 (장항동),S-OIL,031-904-7793,Y,1795,1554,1604,-
경기도,실로암주유소,경기 김포시 고촌읍 개화동로 46,알뜰주유소,031-986-1467,Y,-,1523,1583,-
경기도,싱글벙글주유소,경기 고양시 일산동구 장항로 122-8 (백석동),SK에너지,031-902-5151,Y,-,1539,1649,1550
경기도,씨앤에스에너지(주)구도일주유소 성석,경기 고양시 일산동구 고봉로 618 (성석동),S-OIL,031-932-6666,N,-,1569,1649,1580
경기도,씨앤에스유통㈜ 내유동주유소,경기 고양시 덕양구 통일로 1273 (내유동),S-OIL,031-962-0606,Y,1795,1565,1595,1450
경기도,아천동주유소,경기 구리시 아차산로 55 (아천동),S-OIL,02-2201-4545,N,-,1585,1685,-
경기도,안곡주유소,경기 고양시 일산동구 고양대로 831,현대오일뱅크,031-977-0002,Y,-,1495,1565,-
경기도,애플주유소,경기 광주시 오포읍 양벌로 55,SK에너지,031-763-2003,Y,-,1595,1685,1600
경기도,약수터주유소,경기 김포시 월곶면 김포대로 2812,현대오일뱅크,031-987-5747,N,-,1575,1655,1500
경기도,약암주유소,경기 김포시 대곶면 약암로 921,SK에너지,031-998-4998,N,-,1598,1668,1550
경기도,양곡주유소,경기 김포시 양촌면 양곡1로 17,현대오일뱅크,031-981-1150,N,-,1607,1707,1460
경기도,에스에이치 네트웍스(주) 직영점,경기 광주시 순암로 176 (중대동),GS칼텍스,031-763-8980,Y,-,1595,1695,1580
경기도,에쓰오일(주)능마을 보금자리주유소,경기 구리시 경춘북로 74 (갈매동),S-OIL,031-574-5200,Y,1789,1579,1649,-
경기도,역동주유소,경기 광주 경충대로 1721,S-OIL,031-762-8155,Y,-,1577,1597,1487
경기도,열미ic주유소,경기 광주시 곤지암읍 광여로 233,S-OIL,031-767-1218,N,-,1669,1739,1550
경기도,영동주유소,경기 광주시 퇴촌면 정영로 894,SK에너지,031-798-5153,Y,-,1555,1635,1550
경기도,오렌지주유소,경기 고양시 일산동구 백마로 49 (장항동),GS칼텍스,031-902-2294,N,1924,1785,1865,-
경기도,오성주유소,경기 구리시 동구릉로 426 (사노동),S-OIL,031-574-7887,Y,2050,1615,1725,1650
경기도,오일씨티셀프주유소,경기 김포시 양촌면 양곡로 382,SK에너지,031-987-5088,Y,-,1532,1592,-
경기도,오일파크 하성주유소,경기도 김포시 금포로 1925,알뜰주유소,031-983-5125,Y,-,1528,1588,1400
경기도,오토파워주유소,경기 고양시 덕양구 고양대로 1464 (성사동),현대오일뱅크,031-965-0085,Y,-,1537,1607,-
경기도,오포주유소/충전소,경기 광주시 오포읍 포은대로 317,SK에너지,031-766-0005,Y,-,1545,1645,-
경기도,옥길주유소,경기 광명시 금오로 846 (옥길동),현대오일뱅크,02-2619-4144,Y,1765,1565,1615,1440
경기도,우리주유소,경기 고양시 일산동구 성현로 487,알뜰주유소,031-964-5101,Y,-,1525,1595,1540
경기도,우선유통(주)김포신도시,경기 김포시 김포대로 1467 (장기동),현대오일뱅크,031-989-8951,N,-,1688,1888,1700
경기도,우암주유소,경기 고양시 덕양구 벽제동 보광로 198,S-OIL,031-963-2334,N,-,1567,1627,1450
경기도,우주피엔씨(주) 새광명주유소,경기 광명시 시청로 115 (철산동),S-OIL,02-2625-7674,Y,-,1565,1615,-
경기도,원흥제2주유소,경기 고양시 일산동구 성현로 533 (사리현동),현대오일뱅크,031-966-5189,N,-,1525,1595,1540
경기도,유명산주유소,경기 가평군 설악면 유명로 867,GS칼텍스,031-584-7776,N,-,1638,1738,1500
경기도,유정주유소,경기 고양시 덕양구 호수로 104 (토당동),S-OIL,031-971-5182,Y,-,1556,1635,1450
경기도,유카스에너지 대벽주유소,경기 김포시 대곶면 약암로 505,S-OIL,031-982-7363,Y,-,1496,1554,1550
경기도,율생주유소,경기 김포시 대곶면 대명항로 237,SK에너지,031-987-7488,N,-,1588,1698,1550
경기도,으뜸주유소,경기도 김포시 양촌읍 양곡4로 64,SK에너지,031-986-5958,Y,-,1535,1635,-
경기도,이마트24서비스 고촌물류주유소,경기 김포시 고촌읍 아라육로57번길 87-11,SK에너지,031-981-5281,N,-,1615,1695,1550
경기도,이산포주유소,경기도 고양시 일산서구  고양대로 114 (법곳동),S-OIL,031-919-7712,N,-,1525,1588,1450
경기도,이와이에너지,경기 김포시 월곶면 김포대로 3009,GS칼텍스,031-986-0892,N,-,1558,1598,1550
경기도,이화주유소,경기 가평군 가평읍 경춘로 2021,현대오일뱅크,031-581-5149,N,-,1565,1639,1450
경기도,일광에너비스 행주내동점,경기 고양시 덕양구 행주로 104 (행주내동),현대오일뱅크,031-973-5151,Y,-,1565,1595,1550
경기도,일산가좌주유소,경기 고양시 일산서구 동서대로 352,현대오일뱅크,031-923-8500,Y,-,1577,1597,1487
경기도,자연오일주유소,경기 광주시 오포읍 포은대로 213,S-OIL,031-768-5181,Y,-,1539,1589,-
경기도,자유로주유소,경기 고양시 일산서구 이산포길 266 (법곳동),SK에너지,031-923-5186,Y,-,1559,1679,-
경기도,자유제일주유소,경기 고양시 덕양구 자유로 487 (행주외동),SK에너지,031-971-8533,Y,1887,1577,1637,-
경기도,장미셀프주유소,경기 광명시 광명로 269 (노온사동),SK에너지,02-2617-5260,Y,-,1565,1595,-
경기도,장미주유소,경기 광주시 경충대로 1920 (장지동),S-OIL,031-761-2549,Y,-,1575,1595,1495
경기도,장항주유소,경기 고양시 일산동구 장항로 277 (장항동),S-OIL,031-903-3322,Y,-,1535,1595,1480
경기도,정발산주유소,경기 고양시 일산동구 경의로 468 (정발산동),현대오일뱅크,031-903-5676,Y,1715,1535,1585,-
경기도,정상에너지(주)강매self주유소,경기 고양시 덕양구 중앙로 316 (도내동),SK에너지,031-972-1555,Y,-,1495,1565,1450
경기도,제1자유로주유소,경기 고양시 덕양구 자유로 94,GS칼텍스,02-3158-0707,Y,1807,1537,1617,1620
경기도,제2자유로주유소,경기 고양시 덕양구 제2자유로 154 (현천동),GS칼텍스,02-3159-7707,Y,-,1537,1617,-
경기도,제일주유소,경기 김포시 양촌면 양곡4로 117,현대오일뱅크,031-981-5518,Y,-,1566,1678,1490
경기도,제일주유소,경기 광주시 오포읍 오포로 527,S-OIL,031-765-9691,N,-,1613,1673,1550
경기도,조은제1셀프주유소,경기 김포시 중봉1로 55,SK에너지,031-983-3001,Y,-,1599,1649,1550
경기도,조은주유소,경기 김포시 대곶면 대명항로 467,SK에너지,031-989-7474,N,-,1567,1597,1450
경기도,주식회사 월하에너지,경기 김포시 월곶면 월하로 209,현대오일뱅크,031-989-5155,Y,-,1527,1585,-
경기도,주유소티파니블루,"경기 성남시 분당구 판교로 35,  (운중동)",GS칼텍스,031-8016-5151,N,2099,1787,1967,-
경기도,중부농업협동조합,경기 광주시 중부면 회안대로 1426,S-OIL,031-761-7195,N,-,1565,1595,1500
경기도,중앙로주유소,경기 고양시 덕양구 중앙로 113 (화전동),SK에너지,02-3158-2228,Y,-,1495,1565,1600
경기도,중앙셀프주유소,경기 광주시 오포읍 오포로 342,현대오일뱅크,031-766-5925,Y,-,1565,1625,1550
경기도,지리산석유(주),경기 성남시 분당구 동막로 231 (동원동),SK에너지,031-786-0052,N,1898,1698,1789,1550
경기도,지에스칼텍스(주) 토평IC주유소,경기 구리시 코스모스길 228,GS칼텍스,031-565-5185,N,1938,1691,1770,1410
경기도,지에스칼텍스(주)강변주유소,경기 구리시 아차산로 395,GS칼텍스,031-563-8788,Y,1814,1599,1699,1408
경기도,지에스칼텍스(주)양촌주유소,경기 김포시 양촌읍 김포대로 1749,GS칼텍스,031-986-6574,Y,-,1545,-,-
경기도,지에스칼텍스㈜ 능곡주유소,경기 고양시 덕양구 지도로 8,GS칼텍스,031-973-2282,Y,1801,1601,1666,1502
경기도,지에스칼텍스㈜ 당정스타주유소,경기 군포시 고산로 109 (당정동),GS칼텍스,031-451-8600,Y,1774,1579,1648,-
경기도,지에스칼텍스㈜ 설악IC주유소,경기 가평군 설악면 유명로 1619,GS칼텍스,031-585-5129,Y,1899,1650,1760,1500
경기도,지에스칼텍스㈜ 신도시주유소,경기 고양시 일산서구 경의로 945,GS칼텍스,031-914-9059,N,1735,1535,1585,1495
경기도,지에스칼텍스㈜ 유정주유소,경기 광주시 도척면 마도로 196,GS칼텍스,031-763-2525,N,-,1545,1605,1470
경기도,지에스칼텍스㈜ 일산그린주유소,경기 고양시 일산동구 고봉로 282,GS칼텍스,031-977-0303,Y,1715,1515,1585,1515
경기도,지에스칼텍스㈜ 토당주유소,경기 고양시 덕양구 중앙로 637,GS칼텍스,031-979-5020,Y,1714,1514,1629,-
경기도,지에스칼텍스㈜ 해동주유소,경기 구리시 경춘로 69,GS칼텍스,031-569-5189,N,-,1631,1720,1422
경기도,처음주유소,경기 고양시 덕양구 중앙로 209 (화전동),S-OIL,02-305-3800,N,-,1545,1635,1517
경기도,철산주유소,경기 광명시 오리로 883,현대오일뱅크,02-2616-1697,Y,1898,1598,1618,-
경기도,청평하나오일뱅크주유소,경기 가평군 청평면 경춘로 1232,현대오일뱅크,031-585-1705,N,-,1648,1778,1580
경기도,청풍주유소,경기 가평군 청평면 경춘로 257,SK에너지,031-584-9000,Y,-,1569,1639,-
경기도,초월공단주유소,경기 광주시 초월읍 산수로 615,GS칼텍스,031-769-5149,N,-,1625,1745,1600
경기도,초월주유소,경기 광주시 초월읍 경충대로 882,SK에너지,031-762-4544,Y,-,1585,1668,1590
경기도,카닥일산주유소,경기 고양시 일산동구 백마로 54 (장항1동),GS칼텍스,031-907-5141,Y,1725,1575,1606,1500
경기도,큰나무주유소,경기 광주시 이배재로 140 (회덕동),현대오일뱅크,031-765-3100,Y,-,1565,1595,1500
경기도,큰사랑주유소,경기 광명시 금오로 659 (옥길동),S-OIL,02-2611-3960,N,-,1564,1645,1495
경기도,탄현기린주유소,경기 고양시 일산서구 탄중로 263,GS칼텍스,031-911-5181,Y,-,1535,1585,1530
경기도,탑선주유소,경기 광주시 퇴촌면 정영로 518,알뜰주유소,031-767-0062,N,-,1569,1636,1550
경기도,태양주유소,경기 가평군 설악면 한서로 25,GS칼텍스,031-585-3377,Y,-,1670,1770,1500
경기도,태평양주유소,경기 광주시 곤지암읍 광여로 190,GS칼텍스,031-769-0088,N,-,1629,1729,1550
경기도,터치주유소,경기 고양시 일산서구 송산로 194,S-OIL,031-923-0002,N,-,1645,1665,1600
경기도,토마토주유소,경기 김포시 김포대로 798 (사우동),GS칼텍스,031-996-5189,Y,-,1567,1657,-
경기도,통일주유소,경기 광명시 광명로 561 (노온사동),GS칼텍스,02-2611-4901,Y,1765,1565,1615,1600
경기도,통진셀프주유소,경기 김포시 통진읍 율마로 247,S-OIL,031-996-0681,Y,-,1517,1595,1450
경기도,퇴촌농협주유소,경기 광주시 퇴촌면 광동로 65,GS칼텍스,031-768-7708,N,-,1575,1655,1550
경기도,판교서일주유소,경기 성남시 분당구 판교로 315 (삼평동),GS칼텍스,031-8016-5260,Y,1787,1647,1677,-
경기도,판교주유소,경기 성남시 분당구 운중로 263,현대오일뱅크,031-708-1717,Y,1898,1698,1748,-
경기도,펜텍주유소,경기 김포시 통진읍 김포대로 2466,GS칼텍스,031-997-5150,N,-,1545,1619,1500
경기도,평래주유소,경기 광주시 곤지암읍 광여로 712,SK에너지,031-763-6000,N,-,1658,1748,1500
경기도,푸른주유소,경기 구리시 벌말로 117 (토평동),GS칼텍스,031-566-0051,N,-,1689,1739,1419
경기도,풍산셀프주유소,경기 고양시 일산동구 중산로 55 (중산동),SK에너지,031-975-5161,Y,-,1535,1565,-
경기도,풍산에너지(주),경기 김포시 풍무로 164,S-OIL,031-998-0598,Y,-,1577,1647,-
경기도,하늘에너지(주) 대성주유소,경기 가평군 청평면 경춘로 110 (청평면),GS칼텍스,031-584-2802,Y,1916,1574,1675,-
경기도,하늘주유소,경기 고양시 덕양구 통일로 1096,SK에너지,031-964-5188,N,-,1565,1565,1550
경기도,하이웨이에너지,경기 광명시 광명로 769 (광명동),현대오일뱅크,02-2066-5189,Y,1699,1565,1595,-
경기도,하이웨이주유소,경기 가평군 상면 청군로 927,SK에너지,031-585-0038,Y,-,1619,1695,1500
경기도,하이테크에너지㈜ 신정제일주유소,경기 광주시 도척면 도척로 373,SK에너지,031-797-9260,Y,-,1545,1595,-
경기도,학온셀프주유소,경기 광명시 광명로 627 (광명동),SK에너지,02-2681-8781,Y,-,1565,1615,-
경기도,학운공단주유소,경기 김포시 양촌읍 황금3로 98,SK에너지,031-985-5144,Y,-,1549,1627,-
경기도,한강주유소,경기 고양시 덕양구 행주로 57-28,알뜰주유소,031-972-9125,N,-,1565,1595,-
경기도,한국복합물류(주)직영군포셀프주유소,경기 군포시 번영로 82 (부곡동),GS칼텍스,031-460-2998,Y,-,1574,1659,-
경기도,한국복합물류㈜직영 군포터미널주유소,경기 군포시 번영로 82 (부곡동),GS칼텍스,031-460-2991,N,-,1584,1669,-
경기도,한라주유소,경기 광주시 포은대로 655 (장지동),알뜰주유소,031-762-0070,Y,-,1543,1593,-
경기도,한솔주유소,경기 고양시 덕양구 통일로 1015,GS칼텍스,031-962-5182,Y,-,1535,1565,1450
경기도,한신주유소,경기 광주시 오포읍 신현로 90,SK에너지,031-718-5151,Y,1890,1574,1644,-
경기도,한울(주) 서일산주유소,경기 고양시 일산서구 법곳길 84 (법곳동),현대오일뱅크,031-921-0366,N,-,1525,1588,1500
경기도,한울에너지(주)마송주유소,경기 김포시 통진읍 김포대로 2397,현대오일뱅크,031-982-5036,Y,-,1522,1595,-
경기도,한일주유소,경기 광명시 가학로 77 (가학동),SK에너지,02-2616-6626,N,-,1569,1689,1550
경기도,항공대주유소,경기 고양시 덕양구  중앙로 171 (화전동),GS칼텍스,02-3158-0900,Y,1695,1495,1565,-
경기도,행신주유소,경기 고양시 덕양구 중앙로 394(행신동),SK에너지,031-973-2200,Y,-,1595,1755,1755
경기도,행정타운주유소,경기 광주시 회안대로 843 (송정동),SK에너지,031-798-7381,N,-,1535,1575,-
경기도,현대석유(주)현대주유소,경기 광명시 남부순환로 997 (철산동),GS칼텍스,02-2616-0051,Y,1754,1577,1589,-
경기도,현대오일뱅크 영진주유소,경기 광명시 범안로 984 (하안동),현대오일뱅크,02-898-0051,N,1938,1544,1629,-
경기도,현대오일뱅크(주) 하나주유소,경기 고양시 일산동구 백마로 31 (장항동),현대오일뱅크,031-906-5152,N,1834,1537,1677,-
경기도,현대오일뱅크(주)직영 곤지암현대셀프주유소,경기 광주시 곤지암읍 경충대로 567,현대오일뱅크,031-762-7686,Y,1889,1569,1668,1520
경기도,현대오일뱅크(주)직영 덕이주유소,경기 고양시 일산서구 송산로 591 (덕이동),현대오일뱅크,031-914-8363,Y,1924,1530,1605,1450
경기도,현대오일뱅크(주)직영 백석동셀프주유소,경기 고양시 일산동구 일산로 144 (백석동),현대오일뱅크,031-905-5189,Y,2099,1598,1748,-
경기도,현대오일뱅크(주)직영 범안셀프주유소,경기 광명시 범안로 864 (하안동),현대오일뱅크,02-899-5104,Y,1938,1539,1624,1481
경기도,현대오일뱅크(주)직영 분당현대셀프주유소,경기 광주시 오포읍 태재로 47,현대오일뱅크,031-715-5189,Y,1899,1585,1645,-
경기도,현대오일뱅크(주)직영 선암셀프주유소,경기 과천시 중앙로 534 (과천동),현대오일뱅크,02-503-0077,Y,1859,1639,1720,1590
경기도,현대오일뱅크(주)직영 양벌현대주유소,경기 광주시 오포읍 양벌로 165,현대오일뱅크,031-765-2226,N,-,1589,1669,1520
경기도,현대오일뱅크㈜직영 구리셀프주유소,경기 구리시 아차산로 274,현대오일뱅크,031-557-5151,Y,1844,1563,1673,-
경기도,현대오일뱅크㈜직영 군포제일주유소,경기 군포시 산본로323번길 27,현대오일뱅크,031-391-2125,N,1794,1585,1675,1490
경기도,현대오일뱅크㈜직영 김포나루셀프주유소,경기 김포시 태장로 819(장기동),현대오일뱅크,031-996-5691,Y,-,1534,1623,-
경기도,현대오일뱅크㈜직영 김포셀프주유소,경기 김포시 김포대로 970 (북변동),현대오일뱅크,031-982-5488,Y,1819,1534,1623,-
경기도,현대오일뱅크㈜직영 농수산주유소,경기 구리시 동구릉로136번길 90 (인창동),현대오일뱅크,031-568-5151,N,-,1772,1760,1728
경기도,현대오일뱅크㈜직영 능곡역주유소,경기 고양시 덕양구 지도로 15 (토당동),현대오일뱅크,031-979-0314,N,-,1505,1565,1540
경기도,현대오일뱅크㈜직영 새광주셀프주유소,경기 광주시 경충대로 1515 (쌍령동),현대오일뱅크,031-761-6853,Y,1889,1569,1639,-
경기도,현대오일뱅크㈜직영 서현셀프주유소,경기 성남시 분당구 서현로 488 (분당동),현대오일뱅크,031-701-4983,Y,1899,1599,1679,-
경기도,현대오일뱅크㈜직영 수내동주유소,경기 성남시 분당구 불정로 274 (수내동),현대오일뱅크,031-715-1681,N,1999,1599,1679,-
경기도,현대오일뱅크㈜직영 이매동셀프주유소,경기 성남시 분당구 성남대로772번길 2 (이매동),현대오일뱅크,031-703-9515,Y,1899,1599,1679,-
경기도,현대오일뱅크㈜직영 장항IC셀프주유소,경기 고양시 일산동구 백마로 56 (장항동),현대오일뱅크,031-904-5152,Y,1723,1525,1606,-
경기도,현대오일뱅크㈜직영 탄현셀프주유소,경기 고양시 일산서구 경의로 829 (덕이동),현대오일뱅크,031-918-8071,Y,1874,1530,1605,-
경기도,현대오일뱅크㈜직영 토평1호셀프주유소,경기 구리시 벌말로 136 (토평동),현대오일뱅크,031-565-8919,Y,1835,1593,1704,-
경기도,현대오일뱅크㈜직영 화정셀프주유소,경기 고양시 덕양구 화중로 38 (화정동),현대오일뱅크,031-972-5145,Y,1705,1505,1565,-
경기도,현대재경(직)미소주유소,경기도 김포시 월곶면 군하로 196,현대오일뱅크,031-987-6888,N,-,1565,1655,1500
경기도,현대직영 담터셀프주유소,경기 구리시 경춘북로 344,현대오일뱅크,031-572-0707,Y,2103,1575,1645,-
경기도,현리주유소,경기 가평군 하면 현창로 64,SK에너지,031-585-0236,N,-,1690,1800,1550
경기도,형제주유소,경기 광주시 순암로 120 (장지동),GS칼텍스,031-768-5189,N,-,1650,1695,1580
경기도,호명주유소,경기 가평군 청평명 경춘로 1362,S-OIL,031-584-0551,N,-,1628,1692,-
경기도,호반주유소,경기 가평군 청평면 북한강로 2187,SK에너지,031-584-8875,N,1899,1579,1679,1450
경기도,호수공원주유소,경기 고양시 일산동구 백마로 108 (장항동),SK에너지,031-901-5188,Y,1695,1520,1589,-
경기도,홀인원주유소,경기도 가평군 상면 조종로 1622,현대오일뱅크,031-584-5112,Y,-,1609,1619,1450
경기도,화곡주유소,경기 김포시 대곶면 대곶북로 347,알뜰주유소,031-987-4551,Y,-,1489,1549,-
경기도,화랑포주유소,경기 가평군 청평면 경춘로 113,SK에너지,031-584-1818,Y,-,1579,1649,-
경기도,효자로주유소,경기 고양시 덕양구 일영로 127 (지축동),GS칼텍스,02-381-1371,Y,-,1540,1640,1600
경기도,훼미리주유소,경기 김포시 김포대로 581,SK에너지,031-986-4599,Y,-,1597,1667,-
경기도,희성석유(주)금곡,경기 성남시 분당구 불정로 1 (정자동),GS칼텍스,031-716-5664,Y,1877,1647,1737,-
